1, que, cj, that
2, um, at, a/an
3, o, at, the
4, em, prp, in/on
5, por, prp, by/for
6, de, prp, of/from
7, ser, v, to be
8, a, prp, to
9, para, prp, for/to
10, e, cj, and
11, o, pn, it/him
12, com, prp, with
13, mas, cj, but
14, seu, aj, your/his/her
15, como, cj/av, as/like
16, ter, v, to have
17, se, pn, oneself
18, estar, v, to be
19, mais, aj/av, more
20, não, av, not
21, ir, v, to go
22, este, aj, this
23, fazer, v, to do/make
24, ou, cj, or
25, haver, v, to have (existential)
26, poder, v, to be able/can
27, ele, pn, he/it
28, outro, aj, other/another
29, muito, aj/av, much/very
30, esse, aj, that
31, já, av, already
32, quando, cj/av, when
33, também, av, also
34, eu, pn, I
35, ano, nm, year
36, dar, v, to give
37, mesmo, aj, same
38, todo, aj, all/every
39, ver, v, to see
40, dizer, v, to say
41, dois, num, two
42, isso, pn, this/it
43, ela, pn, she/it
44, vez, nf, time (instance)
45, entre, prp, between/among
46, ainda, av, still
47, até, prp, until
48, depois, av, after
49, grande, aj, large/great
50, algum, aj, some
51, tempo, nm, time
52, só, av, only/just
53, pessoa, nf, person
54, vir, v, to come
55, sem, prp, without
56, porque, cj, because
57, bem, av, well
58, novo, aj, new
59, querer, v, to want
60, dia, nm, day
61, aquele, aj, that
62, onde, av, where
63, meu, aj, my
64, primeiro, aj/av, first
65, saber, v, to know
66, dever, v, must/should
67, passar, v, to pass
68, assim, av, thus/like this
69, ficar, v, to stay/become
70, sobre, prp, on/about
71, deixar, v, to leave/let
72, sempre, av, always
73, nosso, aj, our
74, casa, nf, house
75, quem, pn, who
76, lhe, pn, him/her/it/to him/to her
77, trabalho, nm, work
78, homem, nm, man
79, tudo, pn, everything
80, vida, nf, life
81, bom, aj, good
82, pois, cj, since/for
83, agora, av, now
84, qual, aj, which
85, chegar, v, to arrive
86, levar, v, to take/lead
87, parte, nf, part
88, coisa, nf, thing
89, então, av, so/then
90, pouco, aj/av, little/few
91, cidade, nf, city
92, forma, nf, form/shape
93, encontrar, v, to find
94, cada, aj, each
95, falar, v, to speak
96, aqui, av, here
97, melhor, aj/av, better
98, nem, cj, nor
99, partir, v, to leave/depart
100, maior, aj, bigger/larger
101, estado, nm, state
102, governo, nm, government
103, chamar, v, to call
104, se, cj, if
105, três, num, three
106, tanto, aj/av, so much
107, começar, v, to begin
108, segundo, n/aj/prp, second/according to
109, qualquer, pn, any
110, lado, nm, side
111, hoje, n/av, today
112, menos, aj/av, less
113, conseguir, v, to achieve
114, mundo, nm, world
115, caso, nm, case
116, pensar, v, to think
117, meio, n/aj/av, middle/half
118, próprio, aj, own
119, país, nm, country
120, apenas, av, only/just
121, português, na, Portuguese
122, certo, aj/av, certain/sure
123, nada, pn, nothing
124, tal, aj/av, such
125, público, na, public
126, isto, pn, this
127, pequeno, aj, small
128, direito, na, right
129, último, aj, last
130, parecer, v, to seem
131, você, pn, you
132, durante, prp, during
133, quanto, aj/av, how much
134, lá, av, there
135, problema, nm, problem
136, existir, v, to exist
137, tornar, v, to become
138, entrar, v, to enter
139, terra, nf, land/earth
140, antes, av, before
141, aí, av, there
142, contra, prp, against
143, mulher, nf, woman
144, exemplo, nm, example
145, desde, prp, since
146, conhecer, v, to know/meet
147, filho, nm, son
148, nome, nm, name
149, viver, v, to live
150, água, nf, water
151, história, nf, history
152, quatro, num, four
153, ideia, nf, idea
154, trabalhar, v, to work
155, além, av, beyond
156, criar, v, to create
157, dentro, av, inside
158, nunca, av, never
159, alto, na, high
160, tão, av, so
161, livro, nm, book
162, escrever, v, to write
163, tipo, nm, type
164, apresentar, v, to present
165, sair, v, to leave
166, lugar, nm, place
167, ponto, nm, point
168, grupo, nm, group
169, achar, v, to find/think
170, mil, num, thousand
171, tomar, v, to take
172, acabar, v, to finish
173, força, nf, force
174, hora, nf, hour
175, quase, av, almost
176, acontecer, v, to happen
177, enquanto, av, while
178, facto, nm, fact
179, momento, nm, moment
180, único, aj, only/unique
181, fim, nm, end
182, continuar, v, to continue
183, nenhum, aj, none
184, pai, nm, father
185, mês, nm, month
186, política, nf, policy/politics
187, considerar, v, to consider
188, nós, pn, we/us
189, obra, nf, work (as in artwork or construction)
190, sentir, v, to feel
191, tratar, v, to treat
192, pôr, v, to put
193, relação, nf, relation
194, família, nf, family
195, vários, aj, various
196, presidente, nm, president
197, voltar, v, to return
198, receber, v, to receive
199, perder, v, to lose
200, usar, v, to use
201, valor, nm, value
202, longo, aj, long
203, número, nm, number
204, processo, nm, process
205, conta, nf, account
206, trazer, v, to bring
207, nacional, aj, national
208, palavra, nf, word
209, questão, nf, question
210, definir, v, to define
211, tentar, v, to try
212, procurar, v, to look for
213, precisar, v, to need
214, seguir, v, to follow
215, preciso, aj, precise
216, próximo, aj, next
217, movimento, nm, movement
218, junto, aj/av, together
219, espécie, nf, species
220, pedir, v, to ask
221, volta, nf, turn
222, pagar, v, to pay
223, região, nf, region
224, aquilo, pn, that
225, esperar, v, to wait
226, humano, na, human
227, baixo, aj/av, low
228, professor, nm, teacher
229, noite, nf, night
230, mão, nf, hand
231, branco, aj, white
232, possível, aj, possible
233, aparecer, v, to appear
234, contar, v, to count/tell
235, campo, nm, field
236, condição, nf, condition
237, servir, v, to serve
238, música, nf, music
239, permitir, v, to allow
240, real, na, real
241, criança, nf, child
242, através, av, through
243, brasileiro, na, Brazilian
244, jornal, nm, newspaper
245, sociedade, nf, society
246, modo, nm, mode
247, rio, nm, river
248, acreditar, v, to believe
249, senhor, nm, sir
250, colocar, v, to place
251, entender, v, to understand
252, tarde, n/av, late
253, velho, aj, old
254, verdade, nf, truth
255, morrer, v, to die
256, diferente, aj, different
257, frente, nf, front
258, cinco, num, five
259, embora, cj, although
260, abrir, v, to open
261, social, aj, social
262, guerra, nf, war
263, causa, nf, cause
264, arte, nf, art
265, sim, av, yes
266, povo, nm, people
267, projecto, nm, project
268, sentido, nm, sense
269, gente, nf, people
270, manter, v, to maintain
271, forte, na, strong
272, século, nm, century
273, lei, nf, law
274, fundo, nm, bottom
275, geral, aj, general
276, altura, nf, height
277, escola, nf, school
278, papel, nm, paper
279, cabeça, nf, head
280, razão, nf, reason
281, importante, aj, important
282, cair, v, to fall
283, maneira, nf, way
284, antigo, aj, ancient
285, serviço, nm, service
286, final, na, final
287, ler, v, to read
288, corpo, nm, body
289, imagem, nf, image
290, ali, av, there
291, ganhar, v, to win
292, apesar, av, despite
293, acção, nf, action
294, mãe, nf, mother
295, claro, aj, clear
296, mostrar, v, to show
297, logo, av, soon
298, situação, nf, situation
299, deus, nm, god
300, época, nf, era
301, mar, nm, sea
302, seguinte, aj, following
303, olhar, v, to look
304, ajudar, v, to help
305, acordo, nm, agreement
306, necessário, aj, necessary
307, bastante, av, quite
308, estudar, v, to study
309, lançar, v, to launch
310, necessidade, nf, necessity
311, norte, nm, north
312, andar, v, to walk
313, peça, nf, piece
314, jovem, na, young
315, natural, aj, natural
316, correr, v, to run
317, preço, nm, price
318, interesse, nm, interest
319, caminho, nm, path
320, perceber, v, to perceive
321, militar, na, military
322, empresa, nf, company
323, área, nf, area
324, realizar, v, to carry out
325, termo, nm, term
326, ligar, v, to call/connect
327, autor, nm, author
328, ministro, nm, minister
329, maioria, nf, majority
330, teatro, nm, theater
331, crescer, v, to grow
332, direcção, nf, direction
333, banco, nm, bank
334, ordem, nf, order
335, aumentar, v, to increase
336, santo, na, saint
337, formar, v, to form
338, cima, nf, top
339, pessoal, na, personal
340, representar, v, to represent
341, olho, nm, eye
342, função, nf, function
343, amigo, nm, friend
344, ouvir, v, to hear
345, luz, nf, light
346, vontade, nf, will
347, costa, nf, coast
348, defender, v, to defend
349, mercado, nm, market
350, nascer, v, to be born
351, semana, nf, week
352, morte, nf, death
353, descobrir, v, to discover
354, lembrar, v, to remember
355, assunto, nm, subject
356, curso, nm, course
357, mudar, v, to change
358, dinheiro, nm, money
359, decisão, nf, decision
360, plano, na, plan
361, animal, nm, animal
362, igreja, nf, church
363, respeito, nm, respect
364, jogo, nm, game
365, local, nm, place
366, passo, nm, step
367, rua, nf, street
368, portanto, cj, therefore
369, experiência, nf, experience
370, político, na, politician
371, falta, nf, lack
372, talvez, av, maybe
373, sistema, nm, system
374, qualidade, nf, quality
375, ocorrer, v, to occur
376, centro, nm, center
377, medida, nf, measure
378, negócio, nm, business
379, difícil, aj, difficult
380, seis, num, six
381, mal, av, badly
382, actividade, nf, activity
383, espaço, nm, space
384, linha, nf, line
385, câmara, nf, chamber
386, futuro, nm, future
387, pé, nm, foot
388, partido, nm, party
389, explicar, v, to explain
390, via, nf, way
391, tirar, v, to take/remove
392, posição, nf, position
393, contrário, na, opposite
394, princípio, nm, principle
395, principal, aj, main
396, realidade, nf, reality
397, surgir, v, to arise
398, resolver, v, to solve
399, aceitar, v, to accept
400, dez, num, ten
401, médico, na, doctor
402, programa, nm, program
403, irmão, nm, brother
404, madeira, nf, wood
405, livre, aj, free
406, base, nf, base
407, acompanhar, v, to accompany
408, diverso, aj, diverse
409, fechar, v, to close
410, classe, nf, class
411, negro, na, black
412, cujo, aj, whose
413, mandar, v, to send
414, cerca, av, about
415, preso, na, prisoner
416, porta, nf, door
417, saúde, nf, health
418, recurso, nm, resource
419, sob, prp, under
420, decidir, v, to decide
421, sul, nm, south
422, resultado, nm, result
423, ar, nm, air
424, senhora, nf, lady
425, pedra, nf, stone
426, aberto, aj, open
427, estudo, nm, study
428, importância, nf, importance
429, director, nm, director
430, capaz, aj, capable
431, artista, nc, artist
432, levantar, v, to raise
433, referir, v, to refer
434, estrangeiro, na, foreign
435, dirigir, v, to drive
436, tu, pn, you
437, produzir, v, to produce
438, sobretudo, av, especially
439, televisão, nf, television
440, milhão, num, million
441, espírito, nm, spirit
442, especial, aj, special
443, república, nf, republic
444, cor, nf, color
445, escolher, v, to choose
446, pretender, v, to intend
447, ninguém, pn, no one
448, amor, nm, love
449, comprar, v, to buy
450, conhecimento, nm, knowledge
451, compreender, v, to understand
452, transformar, v, to transform
453, resposta, nf, answer
454, presente, na, present
455, filha, nf, daughter
456, efeito, nm, effect
457, pena, nf, pity
458, vender, v, to sell
459, construir, v, to build
460, superior, aj, superior
461, idade, nf, age
462, população, nf, population
463, responder, v, to answer
464, interior, na, interior
465, aspecto, nm, aspect
466, rede, nf, network
467, filme, nm, film
468, cultura, nf, culture
469, oito, num, eight
470, sete, num, seven
471, cinema, nm, cinema
472, sofrer, v, to suffer
473, gostar, v, to like
474, conselho, nm, council
475, unido, aj, united
476, informação, nf, information
477, entanto, av, however
478, carro, nm, car
479, natureza, nf, nature
480, tocar, v, to play/touch
481, matar, v, to kill
482, igual, aj, equal
483, terceiro, aj, third
484, simples, aj, simple
485, mau, aj, bad
486, viagem, nf, trip
487, conto, nm, tale
488, quadro, nm, frame
489, elemento, nm, element
490, capital, nmf, capital
491, valer, v, to be worth
492, período, nm, period
493, reconhecer, v, to recognize
494, após, prp, after
495, menor, aj, smaller/younger
496, possibilidade, nf, possibility
497, dificuldade, nf, difficulty
498, comum, aj, common
499, principalmente, av, mainly
500, figura, nf, figure
501, europeu, na, European
502, econômico, aj, economic
503, escritor, nm, writer
504, segurança, nf, security
505, venda, nf, sale
506, visão, nf, vision
507, crise, nf, crisis
508, sinal, nm, sign
509, prestar, v, to provide/offer
510, eleição, nf, election
511, parar, v, to stop
512, esquerda, nf, left
513, vila, nf, village
514, aprender, v, to learn
515, central, na, central
516, fase, nf, phase
517, marcar, v, to mark
518, passado, na, past
519, realmente, av, really
520, preparar, v, to prepare
521, cortar, v, to cut
522, demais, aj/av, too much
523, desejar, v, to wish
524, ciência, nf, science
525, crime, nm, crime
526, objetivo, nm, objective
527, curto, aj, short
528, prova, nf, proof/test
529, inteiro, aj, whole
530, repetir, v, to repeat
531, carreira, nf, career
532, justiça, nf, justice
533, metro, nm, meter/subway
534, cento, nm, hundred
535, atenção, nf, attention
536, material, nm, material
537, letra, nf, letter/lyrics
538, presença, nf, presence
539, construção, nf, construction
540, emprego, nm, job
541, imaginar, v, to imagine
542, assistir, v, to watch/attend
543, verde, aj, green
544, produção, nf, production
545, dúvida, nf, doubt
546, depender, v, to depend
547, atual, aj, current
548, modelo, nm, model
549, influência, nf, influence
550, prática, nf, practice
551, entregar, v, to deliver
552, encontro, nm, meeting
553, preocupação, nf, concern
554, julgar, v, to judge
555, atingir, v, to reach
556, carta, nf, letter
557, popular, aj, popular
558, graça, nf, grace
559, perto, av, near
560, banda, nf, band
561, massa, nf, mass
562, criação, nf, creation
563, crítica, nf, critique
564, título, nm, title
565, favor, nm, favor
566, algo, pn, something
567, expressão, nf, expression
568, dividir, v, to divide
569, polícia, nmf, police
570, largo, aj, wide
571, apoio, nm, support
572, formação, nf, training/formation
573, envolver, v, to involve
574, discutir, v, to discuss
575, esforço, nm, effort
576, americano, na, American
577, cabo, nm, cape
578, doença, nf, disease
579, regra, nf, rule
580, particular, aj, particular/specific
581, deputado, nm, deputy
582, morar, v, to live
583, funcionar, v, to function/work
584, educação, nf, education
585, moderno, aj, modern
586, gênero, nm, genre/gender
587, determinar, v, to determine
588, obrigar, v, to oblige/force
589, início, nm, beginning
590, zona, nf, zone
591, voz, nf, voice
592, objeto, nm, object
593, assumir, v, to assume
594, personagem, nc, character
595, estilo, nm, style
596, rei, nm, king
597, cena, nf, scene
598, subir, v, to go up/climb
599, preferir, v, to prefer
600, sucesso, nm, success
601, motivo, nm, reason
602, comércio, nm, trade
603, supor, v, to suppose
604, fugir, v, to flee
605, conjunto, nm, set
606, profissional, na, professional
607, som, nm, sound
608, mudança, nf, change
609, energia, nf, energy
610, nível, nm, level
611, jogar, v, to play
612, morto, na, dead
613, guarda, nf, guard
614, trabalhador, nm, worker
615, acima, av, above
616, buscar, v, to search
617, ora, cj/av, now/then
618, memória, nf, memory
619, completamente, av, completely
620, provocar, v, to provoke
621, estabelecer, v, to establish
622, língua, nf, tongue/language
623, sangue, nm, blood
624, participar, v, to participate
625, anterior, aj, previous
626, comer, v, to eat
627, comissão, nf, commission
628, companhia, nf, company
629, quarto, na, room
630, francês, na, French
631, doutor, nm, doctor
632, terminar, v, to finish
633, consciência, nf, consciousness
634, alguém, pn, someone
635, luta, nf, fight
636, verificar, v, to verify
637, porém, cj, however
638, revelar, v, to reveal
639, ocupar, v, to occupy
640, máquina, nf, machine
641, atrás, av, behind
642, sol, nm, sun
643, rico, aj, rich
644, literatura, nf, literature
645, interessar, v, to interest
646, face, nf, face
647, ambiente, nm, environment
648, medo, nm, fear
649, vinte, num, twenty
650, risco, nm, risk
651, terreno, nm, land
652, vivo, aj, alive
653, somente, av, only
654, contacto, nm, contact
655, apoiar, v, to support
656, exigir, v, to require
657, conforme, av, as
658, fonte, nf, source/font
659, opinião, nf, opinion
660, pobre, aj, poor
661, rádio, nmf, radio
662, belo, aj, beautiful
663, reunir, v, to gather
664, liberdade, nf, freedom
665, produto, nm, product
666, revista, nf, magazine
667, publicar, v, to publish
668, rápido, aj, fast
669, oficial, na, official
670, diferença, nf, difference
671, afirmar, v, to assert
672, oferecer, v, to offer
673, verdadeiro, aj, true
674, cumprir, v, to fulfill
675, erro, nm, error
676, garantir, v, to guarantee
677, constituir, v, to constitute
678, solução, nf, solution
679, administração, nf, administration
680, mínimo, na, minimum
681, matéria, nf, matter
682, árvore, nf, tree
683, peixe, nm, fish
684, geração, nf, generation
685, aproveitar, v, to take advantage of
686, casar, v, to marry
687, estrada, nf, road
688, significar, v, to mean
689, evitar, v, to avoid
690, bater, v, to beat
691, série, nf, series
692, inglês, na, English
693, obter, v, to obtain
694, fácil, aj, easy
695, diante, av, in front of
696, desenvolver, v, to develop
697, exatamente, av, exactly
698, pertencer, v, to belong
699, resto, nm, rest
700, enorme, aj, enormous
701, suficiente, aj, sufficient
702, possuir, v, to possess
703, familiar, na, familiar
704, texto, nm, text
705, estrutura, nf, structure
706, inclusive, av, including
707, funcionário, nm, employee
708, longe, av, far
709, retirar, v, to withdraw
710, aproximar, v, to approach
711, indicar, v, to indicate
712, entrada, nf, entrance
713, iniciar, v, to initiate
714, discurso, nm, speech
715, saída, nf, exit
716, tarefa, nf, task
717, atitude, nf, attitude
718, ministério, nm, ministry
719, perspectiva, nf, perspective
720, abandonar, v, to abandon
721, observar, v, to observe
722, procura, nf, search
723, impor, v, to impose
724, defesa, nf, defense
725, uso, nm, use
726, artigo, nm, article
727, cara, nf, face
728, peso, nm, weight
729, oportunidade, nf, opportunity
730, data, nf, date
731, universidade, nf, university
732, união, nf, union
733, sala, nf, room
734, automóvel, nm, automobile
735, linguagem, nf, language
736, fogo, nm, fire
737, origem, nf, origin
738, tema, nm, theme
739, interno, aj, internal
740, impedir, v, to prevent
741, reunião, nf, meeting
742, arma, nf, weapon
743, aliás, av, in fact
744, apontar, v, to point out
745, festa, nf, party
746, trinta, num, thirty
747, pesar, v, to weigh
748, exposição, nf, exhibition
749, técnico, na, technical
750, pensamento, nm, thought
751, civil, aj, civil
752, nove, num, nine
753, aplicar, v, to apply
754, disco, nm, disc
755, reduzir, v, to reduce
756, atender, v, to attend
757, autoridade, nf, authority
758, preocupar, v, to worry
759, sério, aj, serious
760, carne, nf, meat
761, total, na, total
762, comunicação, nf, communication
763, religioso, na, religious
764, verão, nm, summer
765, costumar, v, to usually do
766, faltar, v, to lack
767, completar, v, to complete
768, índio, nm, Indian
769, interessante, aj, interesting
770, romance, nm, novel
771, especializar, v, to specialize
772, admitir, v, to admit
773, menino, nm, boy
774, escolha, nf, choice
775, perna, nf, leg
776, físico, na, physical
777, ilha, nf, island
778, pintura, nf, painting
779, armado, aj, armed
780, tamanho, nm, size
781, causar, v, to cause
782, reforma, nf, reform
783, ferro, nm, iron
784, responsável, na, responsible
785, boca, nf, mouth
786, governador, nm, governor
787, literário, aj, literary
788, sujeito, nm, subject
789, certeza, nf, certainty
790, campanha, nf, campaign
791, vitória, nf, victory
792, profundo, aj, deep
793, esquecer, v, to forget
794, anunciar, v, to announce
795, intenção, nf, intention
796, tendência, nf, trend
797, exército, nm, army
798, passagem, nf, passage
799, clube, nm, club
800, viajar, v, to travel
801, fixar, v, to fix
802, hipótese, nf, hypothesis
803, margem, nf, margin
804, avançar, v, to advance
805, conduzir, v, to drive
806, cheio, aj, full
807, discussão, nf, discussion
808, poeta, nm, poet
809, vale, nm, valley
810, coração, nm, heart
811, compor, v, to compose
812, organização, nf, organization
813, cargo, nm, position
814, vento, nm, wind
815, monte, nm, hill
816, ideal, na, ideal
817, marido, nm, husband
818, sector, nm, sector
819, caixa, nf, box
820, pegar, v, to grab
821, adquirir, v, to acquire
822, paz, nf, peace
823, limite, nm, limit
824, roda, nf, wheel
825, juntar, v, to join
826, planta, nf, plant
827, caber, v, to fit
828, mesa, nf, table
829, corrente, na, current
830, cantar, v, to sing
831, melhorar, v, to improve
832, torno, nm (em t.), lathe
833, vencer, v, to win
834, afastar, v, to move away
835, concluir, v, to conclude
836, parede, nf, wall
837, responsabilidade, nf, responsibility
838, preto, aj, black
839, revolução, nf, revolution
840, oposição, nf, opposition
841, incluir, v, to include
842, cavalo, nm, horse
843, operação, nf, operation
844, existência, nf, existence
845, substituir, v, to replace
846, proposta, nf, proposal
847, metade, nf, half
848, indústria, nf, industry
849, nota, nf, note
850, cobrir, v, to cover
851, comercial, aj, commercial
852, indivíduo, nm, individual
853, concordar, v, to agree
854, violência, nf, violence
855, ambos, aj, both
856, consequência, nf, consequence
857, grave, aj, serious
858, pergunta, nf, question
859, manhã, nf, morning
860, normal, na, normal
861, impressão, nf, impression
862, histórico, aj, historic
863, advogado, nm, lawyer
864, candidato, nm, candidate
865, espectáculo, nm, show
866, entretanto, av, meanwhile
867, prever, v, to foresee
868, propor, v, to propose
869, leitura, nf, reading
870, resultar, v, to result
871, vermelho, aj, red
872, custo, nm, cost
873, notar, v, to notice
874, ramo, nm, branch
875, pronto, aj, ready
876, minuto, nm, minute
877, aluno, nm, student
878, importar, v, to matter/import
879, capacidade, nf, capacity
880, refletir, v, to reflect
881, sentimento, nm, feeling
882, respeitar, v, to respect
883, hospital, nm, hospital
884, absoluto, aj, absolute
885, dispor, v, to have available
886, cuidar, v, to take care
887, direto, aj, direct
888, lutar, v, to fight
889, dado, na, given/data
890, ponte, nf, bridge
891, aula, nf, class
892, instrumento, nm, instrument
893, economia, nf, economy
894, leite, nm, milk
895, dedicar, v, to dedicate
896, máximo, na, maximum
897, moeda, nf, currency
898, chefe, nm, chief
899, frio, na, cold
900, doente, na, sick
901, ativo, aj, active
902, carga, nf, load
903, fronteira, nf, border
904, par, nm, pair
905, identificar, v, to identify
906, bastar, v, to be enough
907, alterar, v, to alter
908, atualmente, av, currently
909, vantagem, nf, advantage
910, diminuir, v, to decrease
911, municipal, aj, municipal
912, dor, nf, pain
913, chuva, nf, rain
914, ataque, nm, attack
915, frase, nf, phrase
916, intervenção, nf, intervention
917, descer, v, to go down
918, ator, nm, actor
919, proteger, v, to protect
920, estação, nf, station/season
921, gerar, v, to generate
922, atrair, v, to attract
923, atravessar, v, to cross
924, poesia, nf, poetry
925, irmã, nf, sister
926, elétrico, aj, electric
927, fazenda, nf, farm
928, notícia, nf, news
929, destino, nm, destiny
930, média, na, average
931, imediato, aj, immediate
932, original, na, original
933, diário, na, daily
934, acusar, v, to accuse
935, bandeira, nf, flag
936, amarelo, aj, yellow
937, perguntar, v, to ask
938, batalha, nf, battle
939, naturalmente, av, naturally
940, moral, na, moral
941, crer, v, to believe
942, trocar, v, to exchange
943, inverno, nm, winter
944, nação, nf, nation
945, profissão, nf, profession
946, destruir, v, to destroy
947, imprensa, nf, press
948, bolsa, nf, bag/scholarship
949, convidar, v, to invite
950, faculdade, nf, faculty/college
951, volume, nm, volume
952, prêmio, nm, prize
953, reação, nf, reaction
954, financeiro, aj, financial
955, determinado, aj, determined
956, comparar, v, to compare
957, declarar, v, to declare
958, salvar, v, to save
959, renda, nf, income
960, transporte, nm, transport
961, intelectual, na, intellectual
962, sede, nf, headquarters
963, grau, nm, degree
964, estudante, nc, student
965, juro, nm, interest (as in interest rate)
966, alemão, na, German
967, tom, nm, tone
968, perigo, nm, danger
969, agir, v, to act
970, gado, nm, cattle
971, poder, nm, power
972, mina, nf, mine
973, católico, na, Catholic
974, desaparecer, v, to disappear
975, sugerir, v, to suggest
976, ovo, nm, egg
977, conflito, nm, conflict
978, chave, nf, key
979, cuidado, nm, care
980, privado, aj, private
981, alma, nf, soul
982, sozinho, aj, alone
983, praia, nf, beach
984, praça, nf, square
985, contrato, nm, contract
986, justificar, v, to justify
987, rapidamente, av, quickly
988, mestre, nm, master
989, apanhar, v, to catch
990, esperança, nf, hope
991, positivo, nm, positive
992, transmitir, v, to transmit
993, voar, v, to fly
994, instituição, nf, institution
995, prazer, nm, pleasure
996, quinze, num, fifteen
997, italiano, na, Italian
998, conclusão, nf, conclusion
999, avaliar, v, to evaluate
1000, dono, nm, owner
1001, estender, v, to extend
1002, congresso, nm, congress
1003, padre, nm, priest
1004, seco, aj, dry
1005, totalmente, av, totally
1006, eleger, v, to elect
1007, visitar, v, to visit
1008, montar, v, to mount/assemble
1009, ensino, nm, teaching
1010, ajuda, nf, help
1011, órgão, nm, organ
1012, teoria, nf, theory
1013, fábrica, nf, factory
1014, colégio, nm, school
1015, confiança, nf, confidence
1016, seguro, na, safe/insurance
1017, ato, nm, act
1018, cão, nm, dog
1019, aumento, nm, increase
1020, missão, nf, mission
1021, ouro, nm, gold
1022, alcançar, v, to reach
1023, engenheiro, nm, engineer
1024, rapaz, nm, boy
1025, domínio, nm, domain
1026, sonho, nm, dream
1027, característica, nf, characteristic
1028, céu, nm, sky
1029, prisão, nf, prison
1030, quente, aj, hot
1031, vinho, nm, wine
1032, juiz, nm, judge
1033, ligação, nf, connection
1034, membro, nm, member
1035, corte, nmf, court/cut
1036, acontecimento, nm, event
1037, dívida, nf, debt
1038, contribuir, v, to contribute
1039, policial, nm, police officer
1040, grosso, aj, thick
1041, trás, prp, behind
1042, musical, na, musical
1043, tradição, nf, tradition
1044, abaixo, av, below
1045, desejo, nm, desire
1046, bola, nf, ball
1047, legal, aj, legal/nice
1048, organizar, v, to organize
1049, perante, prp, before
1050, assembleia, nf, assembly
1051, braço, nm, arm
1052, busca, nf, search
1053, tropa, nf, troop
1054, unidade, nf, unit
1055, virar, v, to turn
1056, compra, nf, purchase
1057, roupa, nf, clothing
1058, regime, nm, regime
1059, estrela, nf, star
1060, empregar, v, to employ
1061, hábito, nm, habit
1062, cedo, av, early
1063, atribuir, v, to attribute
1064, conhecido, aj, known
1065, museu, nm, museum
1066, puro, aj, pure
1067, técnica, nf, technique
1068, científico, aj, scientific
1069, destacar, v, to highlight
1070, dança, nf, dance
1071, diálogo, nm, dialogue
1072, propósito, nm, purpose
1073, enfrentar, v, to face
1074, vizinho, nm, neighbor
1075, pressão, nf, pressure
1076, novamente, av, again
1077, tribunal, nm, court
1078, café, nm, coffee
1079, sítio, nm, site
1080, carácter, nm, character
1081, estranho, aj, strange
1082, alimentar, v, to feed
1083, prazo, nm, term
1084, pesquisa, nf, research
1085, cliente, nm, client
1086, soldado, nm, soldier
1087, aldeia, nf, village
1088, enviar, v, to send
1089, futebol, nm, football/soccer
1090, analisar, v, to analyze
1091, corresponder, v, to correspond
1092, dominar, v, to dominate
1093, cruz, nf, cross
1094, general, na, general
1095, espanhol, na, Spanish
1096, companheiro, nm, companion
1097, fruto, nm, fruit
1098, documento, nm, document
1099, navio, nm, ship
1100, conversar, v, to converse
1101, finalmente, av, finally
1102, semelhante, aj, similar
1103, baixar, v, to lower/download
1104, clássico, aj, classic
1105, secretário, nm, secretary
1106, quantidade, nf, quantity
1107, federal, aj, federal
1108, concepção, nf, conception
1109, visita, nf, visit
1110, beleza, nf, beauty
1111, imposto, nm, tax
1112, regressar, v, to return
1113, barco, nm, boat
1114, ritmo, nm, rhythm
1115, recente, aj, recent
1116, página, nf, page
1117, utilizar, v, to use
1118, durar, v, to last
1119, raro, aj, rare
1120, onda, nf, wave
1121, queda, nf, fall
1122, voto, nm, vote
1123, guardar, v, to keep
1124, simplesmente, av, simply
1125, afinal, av, after all
1126, equipamento, nm, equipment
1127, bonito, aj, beautiful
1128, cadeia, nf, chain/jail
1129, carregar, v, to load/charge
1130, chão, nm, floor
1131, combate, nm, combat
1132, aparelho, nm, device
1133, exercer, v, to exercise
1134, limitar, v, to limit
1135, agente, nm, agent
1136, cidadão, nm, citizen
1137, permanecer, v, to remain
1138, recuperar, v, to recover
1139, fundamental, aj, fundamental
1140, distância, nf, distance
1141, lista, nf, list
1142, acrescentar, v, to add
1143, demonstrar, v, to demonstrate
1144, evolução, nf, evolution
1145, filosofia, nf, philosophy
1146, doce, na, sweet/candy
1147, associação, nf, association
1148, pior, aj, worse
1149, desenvolvimento, nm, development
1150, acidente, nm, accident
1151, avião, nm, airplane
1152, edifício, nm, building
1153, iniciativa, nf, initiative
1154, moda, nf, fashion
1155, conceito, nm, concept
1156, custar, v, to cost
1157, separar, v, to separate
1158, torre, nf, tower
1159, negar, v, to deny
1160, resistência, nf, resistance
1161, quinto, aj, fifth
1162, ensinar, v, to teach
1163, canto, nm, corner/singing
1164, citar, v, to cite
1165, casamento, nm, marriage
1166, entrevista, nf, interview
1167, colega, nc, colleague
1168, religião, nf, religion
1169, independente, aj, independent
1170, leitor, nm, reader
1171, sensação, nf, sensation
1172, comunidade, nf, community
1173, ponta, nf, tip
1174, recusar, v, to refuse
1175, ocasião, nf, occasion
1176, marca, nf, brand
1177, famoso, aj, famous
1178, pele, nf, skin
1179, fio, nm, thread/wire
1180, fotografia, nf, photography
1181, imenso, aj, immense
1182, instalar, v, to install
1183, jardim, nm, garden
1184, contudo, av, however
1185, exterior, na, external
1186, referência, nf, reference
1187, praticar, v, to practice
1188, jornalista, nc, journalist
1189, desenho, nm, drawing
1190, gosto, nm, taste
1191, impossível, aj, impossible
1192, imediatamente, av, immediately
1193, evidente, aj, evident
1194, conter, v, to contain
1195, acesso, nm, access
1196, propriedade, nf, property
1197, tentativa, nf, attempt
1198, tratamento, nm, treatment
1199, vítima, nf, victim
1200, atacar, v, to attack
1201, prosseguir, v, to proceed
1202, prender, v, to arrest
1203, taxa, nf, rate/tax
1204, fome, nf, hunger
1205, adoptar, v, to adopt
1206, agrícola, aj, agricultural
1207, quarenta, num, forty
1208, gestão, nf, management
1209, gastar, v, to spend
1210, perfeito, aj, perfect
1211, democrático, aj, democratic
1212, investir, v, to invest
1213, porto, nm, port
1214, norma, nf, norm
1215, tecnologia, nf, technology
1216, vazio, na, empty
1217, lógica, nf, logic
1218, distante, aj, distant
1219, inventar, v, to invent
1220, raiz, nf, root
1221, dormir, v, to sleep
1222, secretaria, nf, secretary office
1223, acordar, v, to wake up
1224, actuar, v, to act
1225, herói, nm, hero
1226, exigência, nf, requirement/demand
1227, presidência, nf, presidency
1228, conquistar, v, to conquer
1229, governar, v, to govern
1230, rainha, nf, queen
1231, democracia, nf, democracy
1232, poderoso, aj, powerful
1233, factor, nm, factor
1234, símbolo, nm, symbol
1235, rever, v, to review
1236, medir, v, to measure
1237, interpretar, v, to interpret
1238, descrever, v, to describe
1239, pintar, v, to paint
1240, forno, nm, oven
1241, cenário, nm, scenario
1242, recorrer, v, to resort to
1243, fornecer, v, to supply
1244, floresta, nf, forest
1245, emoção, nf, emotion
1246, veículo, nm, vehicle
1247, opção, nf, option
1248, academia, nf, academy
1249, votar, v, to vote
1250, operar, v, to operate
1251, desafio, nm, challenge
1252, território, nm, territory
1253, progresso, nm, progress
1254, precisamente, av, precisely
1255, corrida, nf, race
1256, dimensão, nf, dimension
1257, alvo, nm, target
1258, contemporâneo, aj, contemporary
1259, amar, v, to love
1260, alegre, aj, cheerful
1261, inspirar, v, to inspire
1262, exato, aj, exact
1263, duro, aj, hard
1264, experimentar, v, to try/experiment
1265, quilómetro, nm, kilometer
1266, raio, nm, ray
1267, doméstico, aj, domestic
1268, executivo, na, executive
1269, patrimônio, nm, heritage
1270, gravar, v, to record
1271, opor, v, to oppose
1272, janela, nf, window
1273, fiscal, na, fiscal/tax
1274, cinquenta, num, fifty
1275, flor, nf, flower
1276, ultrapassar, v, to surpass
1277, colher, v, to collect/harvest
1278, implicar, v, to imply/involve
1279, condenar, v, to condemn
1280, fórmula, nf, formula
1281, inicial, aj, initial
1282, proibir, v, to prohibit
1283, círculo, nm, circle
1284, feliz, aj, happy
1285, sindicato, nm, union
1286, conferência, nf, conference
1287, insistir, v, to insist
1288, distribuição, nf, distribution
1289, posse, nf, possession
1290, integrar, v, to integrate
1291, urbano, aj, urban
1292, essencial, aj, essential
1293, suceder, v, to happen/succeed
1294, puxar, v, to pull
1295, gato, nm, cat
1296, quadrado, na, square
1297, categoria, nf, category
1298, normalmente, av, normally
1299, reclamar, v, to complain
1300, colectivo, na, collective
1301, calor, nm, heat
1302, unir, v, to unite
1303, realização, nf, achievement/realization
1304, mover, v, to move
1305, deslocar, v, to displace
1306, permanente, aj, permanent
1307, vidro, nm, glass
1308, expectativa, nf, expectation
1309, operário, nm, worker
1310, assinar, v, to sign
1311, detalhe, nm, detail
1312, hotel, nm, hotel
1313, infância, nf, childhood
1314, visar, v, to aim/target
1315, seguida, av, followed
1316, folha, nf, leaf/sheet
1317, invadir, v, to invade
1318, deitar, v, to lay down
1319, barato, aj, cheap
1320, aéreo, aj, aerial
1321, crédito, nm, credit
1322, prédio, nm, building
1323, aliança, nf, alliance
1324, dedo, nm, finger
1325, comentar, v, to comment
1326, laboratório, nm, laboratory
1327, corda, nf, rope
1328, salário, nm, salary
1329, vara, nf, rod
1330, satisfazer, v, to satisfy
1331, garantia, nf, warranty/guarantee
1332, isolado, aj, isolated
1333, comandante, nm, commander
1334, intenso, aj, intense
1335, cobrar, v, to charge
1336, mundial, aj, global/world
1337, vasto, aj, vast
1338, representação, nf, representation
1339, ausência, nf, absence
1340, eleitoral, aj, electoral
1341, conversa, nf, conversation
1342, meter, v, to put/place
1343, estreito, aj, narrow
1344, definitivo, aj, definitive
1345, exame, nm, exam
1346, comunicar, v, to communicate
1347, investigação, nf, investigation
1348, superfície, nf, surface
1349, espera, nf, wait
1350, especialmente, av, especially
1351, partida, nf, departure/game
1352, poema, nm, poem
1353, adequado, aj, adequate
1354, método, nm, method
1355, tiro, nm, shot
1356, conceder, v, to grant
1357, suportar, v, to withstand
1358, esclarecer, v, to clarify
1359, ai, i, there
1360, líquido, na, liquid
1361, município, nm, municipality
1362, metal, nm, metal
1363, declaração, nf, declaration
1364, exercício, nm, exercise
1365, cultural, aj, cultural
1366, assistência, nf, assistance
1367, frequência, nf, frequency
1368, nervoso, aj, nervous
1369, choque, nm, shock/crash
1370, perda, nf, loss
1371, fala, nf, speech
1372, individual, aj, individual
1373, bloco, nm, block
1374, escapar, v, to escape
1375, arquitectura, nf, architecture
1376, talento, nm, talent
1377, telefone, nm, telephone
1378, espalhar, v, to spread
1379, específico, aj, specific
1380, encher, v, to fill
1381, complicado, aj, complicated
1382, encarar, v, to face
1383, ceder, v, to yield
1384, freguesia, nf, parish
1385, chamado, aj, called
1386, criado, nm, servant/butler
1387, mental, aj, mental
1388, convite, nm, invitation
1389, variar, v, to vary
1390, igualmente, av, equally
1391, extremo, aj, extreme
1392, alternativa, nf, alternative
1393, fé, nf, faith
1394, prejudicar, v, to harm
1395, faixa, nf, stripe/band
1396, esconder, v, to hide
1397, pintor, nm, painter
1398, semente, nf, seed
1399, directamente, av, directly
1400, apresentação, nf, presentation
1401, noção, nf, notion
1402, restar, v, to remain
1403, começo, nm, beginning
1404, relativo, aj, relative
1405, jogador, nm, player
1406, parecer, nm, opinion
1407, sombra, nf, shadow
1408, interpretação, nf, interpretation
1409, sorte, nf, luck
1410, correto, aj, correct
1411, complexo, na, complex
1412, explorar, v, to explore
1413, caro, aj, expensive
1414, escritório, nm, office
1415, provavelmente, av, probably
1416, golpe, nm, blow/strike
1417, demorar, v, to take time
1418, tradicional, aj, traditional
1419, certamente, av, certainly
1420, marquês, nm, marquis
1421, plástico, na, plastic
1422, imóvel, na, immovable/real estate
1423, fita, nf, tape/ribbon
1424, capítulo, nm, chapter
1425, externo, aj, external
1426, combater, v, to combat
1427, nascimento, nm, birth
1428, fenómeno, nm, phenomenon
1429, mensagem, nf, message
1430, fino, aj, thin
1431, equilíbrio, nm, balance
1432, lucro, nm, profit
1433, supremo, aj, supreme
1434, senão, av, otherwise
1435, promover, v, to promote
1436, pleno, aj, full
1437, critério, nm, criterion
1438, barro, nm, clay
1439, horizonte, nm, horizon
1440, comentário, nm, comment
1441, ontem, n/av, yesterday
1442, doze, num, twelve
1443, menina, nf, girl
1444, excelente, aj, excellent
1445, falso, aj, false
1446, estimar, v, to estimate
1447, instituto, nm, institute
1448, facilitar, v, to facilitate
1449, acumular, v, to accumulate
1450, crescimento, nm, growth
1451, província, nf, province
1452, computador, nm, computer
1453, justamente, av, justly
1454, canção, nf, song
1455, transformação, nf, transformation
1456, encaminhar, v, to forward
1457, universal, aj, universal
1458, promessa, nf, promise
1459, caça, nf, hunting/hunt
1460, vago, aj, vague
1461, mistura, nf, mixture
1462, pesado, aj, heavy
1463, extraordinário, aj, extraordinary
1464, mulato, na, mulatto
1465, ajustar, v, to adjust
1466, personalidade, nf, personality
1467, escuro, aj, dark
1468, sobreviver, v, to survive
1469, regresso, nm, return
1470, repousar, v, to rest
1471, orçamento, nm, budget
1472, nordeste, nm, northeast
1473, abertura, nf, opening
1474, negativo, aj, negative
1475, relativamente, av, relatively
1476, investimento, nm, investment
1477, culpa, nf, guilt
1478, distribuir, v, to distribute
1479, resistir, v, to resist
1480, universo, nm, universe
1481, compromisso, nm, commitment
1482, solo, nm, soil/solo
1483, pão, nm, bread
1484, continente, nm, continent
1485, papa, nm, pope
1486, russo, na, Russian
1487, apto, aj, capable
1488, leve, aj, light
1489, feminino, aj, feminine
1490, receita, nf, recipe/revenue
1491, proceder, v, to proceed
1492, constante, na, constant
1493, básico, aj, basic
1494, ameaça, nf, threat
1495, independência, nf, independence
1496, argumento, nm, argument
1497, transportar, v, to transport
1498, obrigação, nf, obligation
1499, análise, nf, analysis
1500, relatório, nm, report
1501, beber, v, to drink
1502, justo, aj, fair
1503, completo, aj, complete
1504, amplo, aj, broad
1505, ameaçar, v, to threaten
1506, debate, nm, debate
1507, limpar, v, to clean
1508, canal, nm, channel
1509, cem, num, hundred
1510, observação, nf, observation
1511, dente, nm, tooth
1512, inimigo, nm, enemy
1513, organizado, aj, organized
1514, empregado, na, employee
1515, azul, aj, blue
1516, troca, nf, exchange
1517, móvel, na, mobile/furniture
1518, entidade, nf, entity
1519, riqueza, nf, wealth
1520, versão, nf, version
1521, merecer, v, to deserve
1522, breve, aj, brief
1523, confirmar, v, to confirm
1524, divisão, nf, division
1525, paixão, nf, passion
1526, traduzir, v, to translate
1527, aventura, nf, adventure
1528, escrita, nf, writing
1529, administrativo, aj, administrative
1530, dona, nf, lady/owner
1531, pagamento, nm, payment
1532, velocidade, nf, speed
1533, humanidade, nf, humanity
1534, informar, v, to inform
1535, casal, nm, couple
1536, reserva, nf, reservation/reserve
1537, desenhar, v, to draw
1538, socialista, aj, socialist
1539, tender, v, to tend
1540, necessitar, v, to need
1541, serra, nf, saw/mountain range
1542, disciplina, nf, discipline
1543, quebrar, v, to break
1544, frequentar, v, to attend
1545, recolher, v, to collect
1546, absolutamente, av, absolutely
1547, sexo, nm, sex
1548, explicação, nf, explanation
1549, código, nm, code
1550, calcular, v, to calculate
1551, afetar, v, to affect
1552, pedaço, nm, piece
1553, palco, nm, stage
1554, executar, v, to execute
1555, bem, nm, good/well
1556, fiel, aj, faithful
1557, regional, aj, regional
1558, negociar, v, to negotiate
1559, errar, v, to make a mistake
1560, circunstância, nf, circumstance
1561, teste, nm, test
1562, motor, nm, engine
1563, montanha, nf, mountain
1564, barra, nf, bar/rod
1565, alimento, nm, food
1566, infantil, aj, children's/childish
1567, comportamento, nm, behavior
1568, temer, v, to fear
1569, chegada, nf, arrival
1570, sustentar, v, to sustain
1571, líder, nm, leader
1572, geralmente, av, generally
1573, costume, nm, custom
1574, misturar, v, to mix
1575, resolução, nf, resolution
1576, inteligência, nf, intelligence
1577, biblioteca, nf, library
1578, padrão, nm, standard/pattern
1579, excepção, nf, exception
1580, droga, nf, drug
1581, mata, nf, forest
1582, distrito, nm, district
1583, reagir, v, to react
1584, inferior, aj, lower
1585, anormal, aj, abnormal
1586, honra, nf, honor
1587, selecção, nf, selection
1588, década, nf, decade
1589, fraco, aj, weak
1590, clima, nm, climate
1591, retomar, v, to resume
1592, jamais, av, never
1593, japonês, na, Japanese
1594, cadeira, nf, chair
1595, prometer, v, to promise
1596, caminhar, v, to walk
1597, controle, nm, control
1598, habitante, nc, inhabitant
1599, sócio, nm, partner/member
1600, alteração, nf, change
1601, proprietário, nm, owner
1602, perigoso, aj, dangerous
1603, chamada, nf, call
1604, despesa, nf, expense
1605, curioso, aj, curious
1606, protecção, nf, protection
1607, enfim, av, finally
1608, disponível, aj, available
1609, príncipe, nm, prince
1610, comunista, na, communist
1611, raça, nf, race
1612, agricultura, nf, agriculture
1613, cometer, v, to commit
1614, palácio, nm, palace
1615, revisão, nf, review
1616, industrial, aj, industrial
1617, introduzir, v, to introduce
1618, violento, aj, violent
1619, gás, nm, gas
1620, recordar, v, to remember
1621, reino, nm, kingdom
1622, rural, aj, rural
1623, cabelo, nm, hair
1624, médio, aj, medium
1625, adulto, na, adult
1626, concurso, nm, contest/competition
1627, concreto, aj, concrete
1628, jeito, nm, way/manner
1629, castelo, nm, castle
1630, distinguir, v, to distinguish
1631, manifestação, nf, demonstration
1632, decorrer, v, to take place
1633, artístico, aj, artistic
1634, instalação, nf, installation
1635, elevado, aj, high
1636, escudo, nm, shield
1637, manifestar, v, to manifest
1638, útil, aj, useful
1639, areia, nf, sand
1640, libertar, v, to liberate
1641, sequer, av, even
1642, silêncio, nm, silence
1643, juventude, nf, youth
1644, medicina, nf, medicine
1645, derrubar, v, to knock down
1646, coluna, nf, column
1647, lento, aj, slow
1648, conquista, nf, conquest
1649, cá, av, here
1650, representante, na, representative
1651, buraco, nm, hole
1652, edição, nf, edition
1653, benefício, nm, benefit
1654, féria, nf, fair
1655, crítico, na, critic
1656, controlar, v, to control
1657, estratégia, nf, strategy
1658, disposição, nf, disposition
1659, provar, v, to prove
1660, comando, nm, command
1661, piano, nm, piano
1662, concentrar, v, to concentrate
1663, acaso, av, by chance
1664, osso, nm, bone
1665, gabinete, nm, office
1666, arranjar, v, to arrange/fix
1667, sentar, v, to sit
1668, sal, nm, salt
1669, tratado, nm, treaty
1670, africano, na, African
1671, criticar, v, to criticize
1672, virtude, nf, virtue
1673, parque, nm, park
1674, adaptar, v, to adapt
1675, junta, nf, joint/meeting
1676, deter, v, to detain
1677, destinado, aj, intended
1678, extremamente, av, extremely
1679, milhar, nm, thousand
1680, constituição, nf, constitution
1681, secção, nf, section
1682, ave, nf, bird
1683, assegurar, v, to ensure
1684, neto, nm, grandson
1685, modificar, v, to modify
1686, convencer, v, to convince
1687, participação, nf, participation
1688, milho, nm, corn
1689, surpresa, nf, surprise
1690, império, nm, empire
1691, atirar, v, to throw/shoot
1692, feira, nf, fair/market
1693, percorrer, v, to travel through
1694, expor, v, to expose
1695, lua, nf, moon
1696, interessado, aj, interested
1697, disposto, aj, willing
1698, paisagem, nf, landscape
1699, loja, nf, shop
1700, comida, nf, food
1701, pesca, nf, fishing
1702, autêntico, aj, authentic
1703, ordenar, v, to order/command
1704, liderança, nf, leadership
1705, pó, nm, powder, dust
1706, contraste, nm, contrast
1707, legítimo, aj, legitimate
1708, ruim, aj, bad
1709, inteligente, aj, intelligent
1710, percurso, nm, route/journey
1711, confronto, nm, confrontation
1712, ficção, nf, fiction
1713, trigo, nm, wheat
1714, sobrevivência, nf, survival
1715, preservar, v, to preserve
1716, comprido, aj, long
1717, previsto, aj, foreseen, planned
1718, contribuição, nf, contribution
1719, liga, nf, league/connection
1720, óleo, nm, oil
1721, poético, aj, poetic
1722, colónia, nf, colony
1723, falha, nf, failure/flaw
1724, suspenso, aj, suspended
1725, falhar, v, to fail
1726, colecção, nf, collection
1727, rendimento, nm, income/yield
1728, glória, nf, glory
1729, capa, nf, cover
1730, primário, aj, primary
1731, pensão, nf, pension, boarding house
1732, manifesto, na, manifesto
1733, semelhança, nf, resemblance
1734, tecer, v, to weave
1735, prefeito, nm, mayor
1736, departamento, nm, department
1737, açúcar, nm, sugar
1738, carnaval, nm, carnival
1739, britânico, na, British
1740, denunciar, v, to denounce
1741, surpreender, v, to surprise
1742, macho, na, male
1743, assinado, aj, signed
1744, celebrar, v, to celebrate
1745, herança, nf, inheritance, heritage
1746, actriz, nf, actress
1747, templo, nm, temple
1748, desportivo, na, sports
1749, libertação, nf, liberation, release
1750, indicador, na, indicator
1751, mente, nf, mind
1752, candidatura, nf, candidacy
1753, interromper, v, to interrupt
1754, correio, nm, mail/post
1755, mérito, nm, merit
1756, álcool, nm, alcohol
1757, ensaio, nm, essay/rehearsal
1758, demitir, v, to dismiss, fire
1759, algodão, nm, cotton
1760, mineiro, na, miner
1761, atracção, nf, attraction
1762, enfermeiro, nm, nurse
1763, anual, aj, annual
1764, desfazer, v, to undo
1765, composto, aj, compound/composed
1766, formal, aj, formal
1767, pormenor, nm, detail
1768, lobo, nm, wolf
1769, avenida, nf, avenue
1770, delegado, na, delegate, representative
1771, alegria, nf, joy
1772, espectador, nm, spectator
1773, correspondente, na, corresponding
1774, decisivo, aj, decisive
1775, perseguir, v, to pursue
1776, intervalo, nm, interval, break
1777, brincar, v, to play
1778, contrariar, v, to contradict, oppose
1779, cumprimento, nm, greeting
1780, antecipar, v, to anticipate
1781, emitir, v, to emit/issue
1782, previsão, nf, forecast, prediction
1783, festival, nm, festival
1784, exclusivamente, av, exclusively
1785, cruzar, v, to cross
1786, esgotar, v, to exhaust
1787, comerciante, nm, merchant, trader
1788, comboio, nm, train
1789, ditadura, nf, dictatorship
1790, argentino, na, Argentine
1791, constitucional, aj, constitutional
1792, globo, nm, globe/world
1793, defeito, nm, defect, flaw
1794, relacionado, aj, related
1795, bancário, nm, banker
1796, regular, aj, regular
1797, confiar, v, to trust
1798, escolar, aj, school-related
1799, levantamento, nm, survey, lifting
1800, instrução, nf, instruction
1801, psicológico, aj, psychological
1802, soltar, v, to release/untie
1803, romântico, aj, romantic
1804, bocado, nm, piece, bit
1805, lago, nm, lake
1806, determinação, nf, determination
1807, masculino, aj, masculine, male
1808, beneficiar, v, to benefit
1809, plantar, v, to plant
1810, romano, na, Roman
1811, centímetro, nm, centimeter
1812, inteiramente, av, entirely
1813, estratégico, aj, strategic
1814, evoluir, v, to evolve
1815, vestido, nm, dress
1816, novela, nf, novel/story
1817, meado, aj, mid-, middle
1818, prioridade, nf, priority
1819, mercadoria, nf, merchandise, goods
1820, vigor, nm, vigor, strength
1821, botar, v, to put, place
1822, orientar, v, to guide/direct
1823, impulso, nm, impulse
1824, oeste, nm, west
1825, definição, nf, definition
1826, orientação, nf, guidance/direction
1827, arroz, nm, rice
1828, pescoço, nm, neck
1829, proporção, nf, proportion/ratio
1830, desviar, v, to divert, deviate
1831, primeiro-ministro, nm, prime minister
1832, aprovação, nf, approval
1833, obrigatório, aj, mandatory
1834, convénio, nm, agreement/convention
1835, capitão, nm, captain
1836, perfil, nm, profile
1837, romper, v, to break/rupture
1838, produtor, na, producer
1839, carteira, nf, wallet
1840, satisfação, nf, satisfaction
1841, reconhecimento, nm, recognition/acknowledgment
1842, extensão, nf, extension
1843, avisar, v, to warn, notify
1844, triunfo, nm, triumph
1845, bomba, nf, bomb
1846, favorável, aj, favorable
1847, onze, num, eleven
1848, retrato, nm, portrait
1849, queimar, v, to burn
1850, aliado, na, ally, allied
1851, cérebro, nm, brain
1852, sentença, nf, sentence/judgment
1853, reproduzir, v, to reproduce
1854, rigor, nm, rigor, strictness
1855, fruta, nf, fruit
1856, travar, v, to engage, to lock, to brake
1857, placa, nf, plate/sign
1858, cristal, nm, crystal
1859, mexer, v, to move/stir
1860, exclusivo, aj, exclusive
1861, retornar, v, to return
1862, greve, nf, strike
1863, acerca, av, about
1864, liberal, na, liberal
1865, almoço, nm, lunch
1866, académico, na, academic
1867, redacção, nf, writing, composition
1868, roubar, v, to steal
1869, terrível, aj, terrible
1870, associar, v, to associate
1871, todavia, av, however/yet
1872, mostra, nf, exhibition/show
1873, consciente, aj, conscious, aware
1874, estimular, v, to stimulate
1875, rosto, nm, face
1876, espiritual, aj, spiritual
1877, desconhecer, v, to be unaware of
1878, paulista, na, Paulista
1879, cristão, na, Christian
1880, transmissão, nf, transmission
1881, projecção, nf, projection
1882, adversário, nm, adversary/opponent
1883, capela, nf, chapel
1884, treinar, v, to train
1885, pairar, v, to hover
1886, significativo, aj, significant
1887, aguardar, v, to wait
1888, banho, nm, bath
1889, excesso, nm, excess
1890, leste, na, east
1891, definitivamente, av, definitively
1892, absorver, v, to absorb
1893, anjo, nm, angel
1894, prejuízo, nm, damage/loss
1895, imperador, nm, emperor
1896, tinta, nf, ink
1897, judeu, na, Jewish
1898, amanhã, n/av, tomorrow
1899, turismo, nm, tourism
1900, competência, nf, competence/skill
1901, influenciar, v, to influence
1902, desconhecido, aj, unknown
1903, sensibilidade, nf, sensitivity
1904, leão, nm, lion
1905, largar, v, to release
1906, jantar, v, to dine, have dinner
1907, marcado, aj, marked
1908, apertar, v, to press, tighten
1909, adaptação, nf, adaptation
1910, senado, nm, senate
1911, calar, v, to silence
1912, preocupado, aj, worried
1913, contexto, nm, context
1914, desempenho, nm, performance
1915, presidencial, aj, presidential
1916, rodear, v, to surround
1917, louco, aj, crazy/mad
1918, chapéu, nm, hat
1919, êxito, nm, success
1920, criminoso, na, criminal
1921, mistério, nm, mystery
1922, pano, nm, cloth, fabric
1923, conselheiro, nm, counselor, adviser
1924, bebida, nf, drink
1925, sexto, aj, sixth
1926, afirmação, nf, statement/assertion
1927, bispo, nm, bishop
1928, rir, v, to laugh
1929, sucessivo, aj, successive
1930, camada, nf, layer
1931, destruição, nf, destruction
1932, rato, nm, mouse/rat
1933, oriente, na, east
1934, administrador, nm, administrator
1935, relógio, nm, clock/watch
1936, transição, nf, transition
1937, negociação, nf, negotiation
1938, pólo, nm, pole
1939, destinar, v, to destine
1940, corrigir, v, to correct
1941, universitário, aj, university
1942, avaliação, nf, evaluation/assessment
1943, segurar, v, to hold, secure
1944, tradução, nf, translation
1945, solicitar, v, to request
1946, agrário, aj, agrarian
1947, temperatura, nf, temperature
1948, autonomia, nf, autonomy
1949, teatral, aj, theatrical
1950, constar, v, to appear/consist
1951, autorizar, v, to authorize
1952, traço, nm, trace, line
1953, zero, num, zero
1954, incêndio, nm, fire
1955, habitar, v, to inhabit
1956, sessenta, num, sixty
1957, gasto, nm, expense/spending
1958, contemplar, v, to contemplate/consider
1959, propriamente, av, properly
1960, ofício, nm, occupation, trade
1961, empresário, nm, businessman
1962, miséria, nf, misery
1963, pregar, v, to preach
1964, divulgar, v, to disclose/publish
1965, mandato, nm, mandate
1966, redondo, aj, round
1967, palmeira, nf, palm tree
1968, respectivo, aj, respective
1969, gasolina, nf, gasoline
1970, foto, nf, photo
1971, alargar, v, to widen/enlarge
1972, barreira, nf, barrier
1973, cantor, nm, singer
1974, reflexo, nm, reflex, reflection
1975, idêntico, aj, identical
1976, caracterizar, v, to characterize
1977, ah, i, ah
1978, consumidor, na, consumer
1979, rocha, nf, rock
1980, incapaz, aj, incapable
1981, paralelo, aj, parallel
1982, girar, v, to spin
1983, aprovar, v, to approve
1984, novidade, nf, novelty/news
1985, variação, nf, variation
1986, facilidade, nf, facility/ease
1987, privilégio, nm, privilege
1988, juntamente, av, together
1989, aquecer, v, to heat
1990, devido, aj, due to
1991, prata, nf, silver
1992, consultar, v, to consult
1993, aço, nm, steel
1994, cartão, nm, card
1995, válido, aj, valid
1996, rejeitar, v, to reject
1997, matriz, nf, matrix
1998, intervir, v, to intervene
1999, cobertura, nf, coverage, covering
2000, oceano, nm, ocean
2001, rapariga, nf, young girl, girl
2002, depositar, v, to deposit
2003, sonhar, v, to dream
2004, dispensar, v, to dispense
2005, descartar, v, to discard
2006, receio, nm, fear
2007, lançamento, nm, launch/release
2008, apurar, v, to refine/clarify
2009, nobre, na, noble
2010, chorar, v, to cry
2011, agravar, v, to aggravate
2012, farinha, nf, flour
2013, fantástico, aj, fantastic
2014, vela, nf, candle, sail
2015, erguer, v, to raise, lift
2016, presidir, v, to preside
2017, inicialmente, av, initially
2018, combinar, v, to combine
2019, etapa, nf, stage, phase
2020, homenagem, nf, homage/tribute
2021, corrupção, nf, corruption
2022, mecanismo, nm, mechanism
2023, ouvido, na, ear, heard
2024, explosão, nf, explosion
2025, disparar, v, to shoot
2026, oferta, nf, offer
2027, confusão, nf, confusion
2028, tio, nm, uncle
2029, consistir, v, to consist
2030, estadual, aj, state
2031, judiciário, na, judiciary
2032, cheiro, nm, smell
2033, cruzeiro, nm, cruise
2034, litoral, nm, coast
2035, residir, v, to reside, live in
2036, triste, aj, sad
2037, concentração, nf, concentration
2038, circuito, nm, circuit
2039, correcção, nf, correction
2040, amiga, nf, friend (female)
2041, federação, nf, federation
2042, convicção, nf, conviction, belief
2043, radical, na, radical, fundamental
2044, sujeitar, v, to subject/submit
2045, horário, nm, schedule
2046, servidor, nm, server
2047, agência, nf, agency
2048, especializado, aj, specialized
2049, galeria, nf, gallery
2050, mecânico, na, mechanic/mechanical
2051, efectivo, na, effective
2052, revolta, nf, revolt/uprising
2053, mal, nm, evil/illness
2054, episódio, nm, episode
2055, felicidade, nf, happiness
2056, desemprego, nm, unemployment
2057, eterno, aj, eternal
2058, derrota, nf, defeat
2059, dom, nm, gift/talent
2060, pasta, nf, folder, portfolio
2061, íntimo, na, intimate
2062, providência, nf, provision
2063, armar, v, to arm/prepare
2064, ferir, v, to wound
2065, prato, nm, dish, plate
2066, frequente, aj, frequent
2067, absurdo, na, absurdity
2068, beira, nf, edge, bank
2069, rumo, nm, direction/course
2070, curva, nf, curve
2071, estabelecimento, nm, establishment
2072, comprometer, v, to compromise/commit
2073, tragédia, nf, tragedy
2074, actuação, nf, performance/action
2075, contínuo, aj, continuous
2076, febre, nf, fever
2077, crónica, nf, chronicle, column
2078, revolucionário, na, revolutionary
2079, esquema, nm, scheme/plan
2080, passageiro, nm, passenger/transient
2081, pronunciar, v, to pronounce
2082, indispensável, aj, indispensable, essential
2083, porte, nm, size
2084, seio, nm, bosom
2085, pedido, na, request/order
2086, orquestra, nf, orchestra
2087, profundamente, av, deeply
2088, expansão, nf, expansion
2089, submeter, v, to submit, subject
2090, atraso, nm, delay
2091, componente, nm, component
2092, numeroso, aj, numerous
2093, concorrência, nf, competition
2094, harmonia, nf, harmony
2095, álbum, nm, album
2096, evento, nm, event
2097, saco, nm, bag/sack
2098, madrugada, nf, early morning
2099, recuperação, nf, recovery
2100, maravilhoso, aj, wonderful
2101, electrónico, aj, electronic
2102, célula, nf, cell
2103, colorido, aj, colorful
2104, destaque, nm, highlight
2105, célebre, na, famous
2106, criador, nm, creator
2107, primo, nm, cousin
2108, miúdo, na, kid
2109, bar, nm, bar/pub
2110, grego, na, Greek
2111, embaixador, nm, ambassador
2112, tese, nf, thesis
2113, situar, v, to situate, locate
2114, julgamento, nm, judgment
2115, culto, na, cult/worship
2116, particularmente, av, particularly
2117, notável, aj, notable
2118, ignorar, v, to ignore
2119, obstáculo, nm, obstacle
2120, alimentação, nf, nutrition
2121, escravo, nm, slave
2122, vinda, nf, coming
2123, escândalo, nm, scandal
2124, dobrar, v, to fold, double
2125, recentemente, av, recently
2126, dançar, v, to dance
2127, empréstimo, nm, loan
2128, desistir, v, to give up
2129, fundação, nf, foundation
2130, norte-americano, na, North American
2131, estabilidade, nf, stability
2132, execução, nf, execution
2133, sensível, aj, sensitive
2134, lixo, nm, trash
2135, matemática, nf, mathematics
2136, rock, nm, rock (music)
2137, chinês, na, Chinese
2138, meta, nf, goal, target
2139, parente, nc, relative
2140, publicidade, nf, advertising
2141, desempenhar, v, to perform, fulfill
2142, avanço, nm, advance, progress
2143, secundário, aj, secondary
2144, aplicação, nf, application/use
2145, vergonha, nf, shame
2146, examinar, v, to examine
2147, ligeiro, aj, slight, light, quick
2148, abordar, v, to approach/address
2149, recuar, v, to retreat, back off
2150, atento, aj, attentive, alert
2151, trânsito, nm, traffic
2152, preparação, nf, preparation
2153, missa, nf, Mass (religious service)
2154, condenado, na, condemned, convict
2155, inúmero, aj, countless
2156, nu, aj, naked
2157, reservar, v, to reserve, book
2158, verso, nm, verse/back
2159, parlamento, nm, parliament
2160, testemunha, nf, witness
2161, encarregar, v, to charge
2162, balanço, nm, balance
2163, virgem, na, virgin
2164, pista, nf, track, runway, clue
2165, registro, nm, record
2166, domingo, nm, Sunday
2167, despertar, v, to wake up/awaken
2168, bicho, nm, bug, creature
2169, trecho, nm, passage/excerpt
2170, ser, nm, being
2171, ciclo, nm, cycle
2172, carvão, nm, coal
2173, sequência, nf, sequence
2174, músico, na, musician
2175, mudo, aj, mute
2176, bolso, nm, pocket
2177, sagrado, aj, sacred
2178, procedimento, nm, procedure
2179, envolvido, aj, involved
2180, queixa, nf, complaint
2181, expresso, aj, express
2182, redução, nf, reduction
2183, sacrifício, nm, sacrifice
2184, campeão, nm, champion
2185, solidariedade, nf, solidarity
2186, bico, nm, beak, nozzle
2187, funcionamento, nm, functioning/operation
2188, postura, nf, posture, stance
2189, facilmente, av, easily
2190, seminário, nm, seminar
2191, liderar, v, to lead
2192, confessar, v, to confess
2193, resumir, v, to summarize
2194, utilização, nf, use, utilization
2195, selvagem, aj, wild
2196, quilo, nm, kilo
2197, consideração, nf, consideration
2198, cruzado, na, crusader, crossed
2199, adorar, v, to adore, worship
2200, demasiado, aj/av, too/much
2201, consulta, nf, consultation, appointment
2202, centena, nf, hundred
2203, obedecer, v, to obey
2204, fabricar, v, to manufacture/produce
2205, emprestar, v, to lend
2206, correspondência, nf, correspondence
2207, sessão, nf, session
2208, arquivo, nm, file
2209, distinto, aj, distinct
2210, restaurante, nm, restaurant
2211, fundar, v, to found, establish
2212, estímulo, nm, stimulus
2213, confundir, v, to confuse
2214, salão, nm, hall
2215, tecto, nm, ceiling
2216, recomendar, v, to recommend
2217, transferência, nf, transfer
2218, erva, nf, herb
2219, assentar, v, to settle
2220, saltar, v, to jump
2221, conteúdo, nm, content
2222, competição, nf, competition
2223, voo, nm, flight
2224, antigamente, av, formerly
2225, arquitecto, nm, architect
2226, frequentemente, av, frequently
2227, obrigado, aj, grateful
2228, eventual, aj, eventual
2229, dezena, nf, dozen, set of ten
2230, invasão, nf, invasion
2231, sugestão, nf, suggestion
2232, divulgação, nf, disclosure, dissemination
2233, tecido, nm, fabric, tissue
2234, asa, nf, wing/handle
2235, dirigente, na, leader
2236, vaca, nf, cow
2237, financiamento, nm, financing
2238, nomeado, na, nominee, appointed
2239, parlamentar, aj, parliamentary
2240, nuvem, nf, cloud
2241, compreensão, nf, understanding/comprehension
2242, disputa, nf, dispute, contention
2243, ampliar, v, to expand, enlarge
2244, coronel, nm, colonel
2245, espelho, nm, mirror
2246, entendimento, nm, understanding
2247, profundidade, nf, depth
2248, redor, av, around
2249, reforçar, v, to reinforce
2250, acelerar, v, to accelerate, speed up
2251, muro, nm, wall
2252, cálculo, nm, calculation
2253, derivar, v, to derive
2254, agradar, v, to please
2255, nomeadamente, av, namely
2256, eixo, nm, axis, shaft
2257, firme, aj, firm
2258, requerer, v, to require
2259, escutar, v, to listen
2260, segredo, nm, secret
2261, praticamente, av, practically
2262, grão, nm, grain
2263, baseado, aj, based
2264, crescente, aj, growing/increasing
2265, exprimir, v, to express
2266, pacífico, na, peaceful
2267, publicação, nf, publication
2268, classificar, v, to classify
2269, associado, na, associate
2270, substância, nf, substance
2271, pacto, nm, pact/agreement
2272, captar, v, to capture
2273, consumo, nm, consumption
2274, drama, nm, drama
2275, mágico, na, magician, magical
2276, civilização, nf, civilization
2277, equipa, nf, team
2278, conceber, v, to conceive, design
2279, repente, av, suddenly
2280, habitação, nf, housing, dwelling
2281, dramático, aj, dramatic
2282, oficina, nf, workshop
2283, esposa, nf, wife
2284, fortaleza, nf, fortress
2285, passeio, nm, stroll, walk
2286, marcha, nf, march
2287, ferido, na, wounded, injured
2288, elevar, v, to elevate/raise
2289, tribo, nf, tribe
2290, acusação, nf, accusation
2291, autorização, nf, authorization
2292, jornalismo, nm, journalism
2293, sonoro, aj, sound-related
2294, superar, v, to overcome, surpass
2295, censura, nf, censorship
2296, petróleo, nm, petroleum, oil
2297, conde, nm, count
2298, sofrimento, nm, suffering
2299, vencedor, nm, winner
2300, fresco, aj, fresh
2301, planeta, nm, planet
2302, preparado, aj, prepared
2303, peito, nm, chest, breast
2304, competir, v, to compete
2305, demanda, nf, demand
2306, convocar, v, to summon, call
2307, prolongar, v, to prolong/extend
2308, sapato, nm, shoe
2309, mancha, nf, stain, spot
2310, instante, nm, moment/instant
2311, relacionamento, nm, relationship
2312, projectar, v, to project/plan
2313, cerimónia, nf, ceremony
2314, cozinha, nf, kitchen
2315, partidário, na, partisan
2316, fila, nf, line
2317, perfeitamente, av, perfectly
2318, parada, nf, stop, parade
2319, núcleo, nm, nucleus/core
2320, sexual, aj, sexual
2321, visível, aj, visible
2322, preferência, nf, preference
2323, campeonato, nm, championship
2324, planejamento, nm, planning
2325, especialista, nm, specialist
2326, protesto, nm, protest
2327, colaborar, v, to collaborate
2328, cópia, nf, copy
2329, basear, v, to base
2330, tensão, nf, tension, stress
2331, disputar, v, to dispute/compete
2332, fama, nf, fame
2333, integração, nf, integration
2334, relatar, v, to report
2335, arrancar, v, to pull up/start
2336, gordo, aj, fat, thick
2337, circulação, nf, circulation
2338, designar, v, to designate
2339, juízo, nm, judgment
2340, chá, nm, tea
2341, impacto, nm, impact
2342, dólar, nm, dollar
2343, lateral, na, side
2344, equipe, nf, team
2345, exploração, nf, exploration/exploitation
2346, acentuar, v, to emphasize, accentuate
2347, arco, nm, bow, arch
2348, pobreza, nf, poverty
2349, coroa, nf, crown
2350, mapa, nm, map
2351, abranger, v, to encompass, cover
2352, investigar, v, to investigate
2353, escala, nf, scale
2354, remédio, nm, medicine, remedy
2355, excessivo, aj, excessive
2356, latino, na, Latin
2357, prestígio, nm, prestige
2358, exportação, nf, export
2359, internacional, aj, international
2360, típico, aj, typical
2361, neve, nf, snow
2362, coragem, nf, courage
2363, infelizmente, av, unfortunately
2364, auxiliar, na, assistant, helper
2365, converter, v, to convert
2366, arrastar, v, to drag, pull
2367, optar, v, to opt/choose
2368, eliminar, v, to eliminate
2369, residência, nf, residence
2370, escrito, na, written, writings
2371, deserto, na, desert, deserted
2372, sólido, aj, solid
2373, definido, aj, defined
2374, cientista, nm, scientist
2375, parceiro, nm, partner
2376, terço, na, third
2377, significado, nm, meaning/significance
2378, curiosidade, nf, curiosity
2379, animar, v, to cheer up, encourage
2380, salto, nm, jump/leap
2381, lidar, v, to deal
2382, cultivar, v, to cultivate/grow
2383, bruto, aj, gross/raw
2384, depósito, nm, deposit
2385, copa, nf, cup/bowl
2386, ovelha, nf, sheep
2387, fechado, aj, closed
2388, estética, nf, aesthetics, beauty
2389, guia, nc, guide
2390, global, aj, global
2391, vestir, v, to dress, wear
2392, apreciar, v, to appreciate/enjoy
2393, assinatura, nf, signature
2394, adiante, av, forward, ahead
2395, avô, nm, grandfather
2396, registar, v, to register (EP)
2397, conservar, v, to preserve
2398, pastor, nm, pastor, shepherd
2399, adiantar, v, to advance
2400, propaganda, nf, advertising, propaganda
2401, aderir, v, to adhere
2402, lavar, v, to wash
2403, exibir, v, to exhibit/show
2404, proporcionar, v, to provide, offer
2405, comparação, nf, comparison
2406, ganho, na, gain/earning
2407, humor, nm, humor, mood
2408, nova, nf, news
2409, conferir, v, to check, confer
2410, tela, nf, canvas/screen
2411, situado, aj, located
2412, secreto, aj, secret
2413, concerto, nm, concert
2414, convenção, nf, convention
2415, são, aj, healthy
2416, acertar, v, to hit
2417, adolescente, nc, teenager
2418, nocturno, aj, nocturnal, of the night
2419, âmbito, nm, scope/ambit
2420, composição, nf, composition
2421, ocidental, aj, western
2422, chama, nf, flame
2423, habitual, aj, habitual, usual
2424, amizade, nf, friendship
2425, carecer, v, to lack/need
2426, piloto, nm, pilot
2427, cama, nf, bed
2428, legislação, nf, legislation
2429, colaboração, nf, collaboration
2430, provisório, aj, temporary, provisional
2431, debaixo, av, underneath
2432, concessão, nf, concession, grant
2433, rodar, v, to rotate
2434, admirar, v, to admire
2435, classificação, nf, classification
2436, alcance, nm, reach, range
2437, agarrar, v, to grab, seize
2438, senador, nm, senator
2439, jurídico, aj, legal
2440, ocupação, nf, occupation
2441, encerrar, v, to close
2442, pássaro, nm, bird
2443, registrar, v, to register, record
2444, comandar, v, to command
2445, moça, nf, young woman, girl
2446, marco, nm, milestone
2447, concelho, nm, council/municipality
2448, forçar, v, to force
2449, porco, nm, pig/pork
2450, reparar, v, to repair, to notice
2451, tranquilo, aj, calm, peaceful
2452, denúncia, nf, complaint
2453, suspender, v, to suspend
2454, devolver, v, to return
2455, existente, aj, existing
2456, brilhante, aj, brilliant
2457, passe, nm, pass
2458, tesouro, nm, treasure
2459, engenharia, nf, engineering
2460, aparentemente, av, apparently
2461, continuidade, nf, continuity
2462, restante, na, remaining/rest
2463, boi, nm, ox, bull
2464, parceria, nf, partnership
2465, violar, v, to violate
2466, gesto, nm, gesture
2467, render, v, to yield/produce
2468, finanças, nf, finances
2469, paciente, na, patient
2470, legislativo, aj, legislative
2471, conservador, na, conservative
2472, reflexão, nf, reflection
2473, ilusão, nf, illusion
2474, teu, aj, your
2475, apagar, v, to erase
2476, enganar, v, to deceive
2477, compositor, nm, composer
2478, localizar, v, to locate, find
2479, claramente, av, clearly
2480, organismo, nm, organism
2481, preencher, v, to fill, fill in
2482, identidade, nf, identity
2483, licença, nf, license/permit
2484, atmosfera, nf, atmosphere
2485, manutenção, nf, maintenance
2486, patrão, nm, boss
2487, depressa, av, quickly
2488, galinha, nf, hen, chicken
2489, consumir, v, to consume
2490, concorrer, v, to compete, apply
2491, delicado, aj, delicate
2492, estatuto, nm, statute/status
2493, imaginação, nf, imagination
2494, corredor, nm, corridor
2495, indicação, nf, indication
2496, oriental, aj, eastern
2497, pau, nm, stick, wood
2498, potencial, na, potential
2499, efectivamente, av, effectively, indeed
2500, fuga, nf, escape